{
  "Name": "GameEditorTarget",
  "Platform": "Mac",
  "Architecture": "ARM64",
  "Configuration": "Development",
  "HotReloadPostfix": ".HotReload.1",
  "BinaryModules": [
    {
      "Name": "Game",
      "NativePath": "",
      "ManagedPath": "$(ProjectPath)/Binaries/GameEditorTarget/Mac/ARM64/Development/Game.CSharp.dll"
    }
  ],
  "References": [
    {
      "ProjectPath": "$(EnginePath)/Flax.flaxproj",
      "Path": "$(EnginePath)/Binaries/Editor/Mac/Development/FlaxEditor.Build.json"
    }
  ]
}