﻿<DockPanelLayout Version="4">
	<MainWindow>
		<Bounds X="0" Y="106" Width="4480" Height="2414" IsMaximized="False" IsMinimized="False" />
	</MainWindow>
	<MasterPanel SelectedTab="0">
		<Window Typename="::FlaxEditor.Windows.EditGameWindow">
			<Data GridEnabled="True" ShowFpsCounter="False" ShowNavigation="False" NearPlane="8" FarPlane="20000" FieldOfView="60" MovementSpeed="1" OrthographicScale="1" UseOrthographicProjection="False" ViewFlags="122683391" />
		</Window>
		<Window Typename="::FlaxEditor.Windows.GameWindow">
			<Data ShowGUI="True" ShowDebugDraw="False" DefaultViewportScaling="[&#xA;&#x9;{&#xA;&#x9;&#x9;&quot;Label&quot;: &quot;Free Aspect&quot;,&#xA;&#x9;&#x9;&quot;ScaleType&quot;: 1,&#xA;&#x9;&#x9;&quot;Size&quot;: {&#xA;&#x9;&#x9;&#x9;&quot;X&quot;: 1,&#xA;&#x9;&#x9;&#x9;&quot;Y&quot;: 1&#xA;&#x9;&#x9;},&#xA;&#x9;&#x9;&quot;Active&quot;: false&#xA;&#x9;},&#xA;&#x9;{&#xA;&#x9;&#x9;&quot;Label&quot;: &quot;16:9 Aspect&quot;,&#xA;&#x9;&#x9;&quot;ScaleType&quot;: 1,&#xA;&#x9;&#x9;&quot;Size&quot;: {&#xA;&#x9;&#x9;&#x9;&quot;X&quot;: 16,&#xA;&#x9;&#x9;&#x9;&quot;Y&quot;: 9&#xA;&#x9;&#x9;},&#xA;&#x9;&#x9;&quot;Active&quot;: true&#xA;&#x9;},&#xA;&#x9;{&#xA;&#x9;&#x9;&quot;Label&quot;: &quot;16:10 Aspect&quot;,&#xA;&#x9;&#x9;&quot;ScaleType&quot;: 1,&#xA;&#x9;&#x9;&quot;Size&quot;: {&#xA;&#x9;&#x9;&#x9;&quot;X&quot;: 16,&#xA;&#x9;&#x9;&#x9;&quot;Y&quot;: 10&#xA;&#x9;&#x9;},&#xA;&#x9;&#x9;&quot;Active&quot;: false&#xA;&#x9;},&#xA;&#x9;{&#xA;&#x9;&#x9;&quot;Label&quot;: &quot;1920x1080 Resolution&quot;,&#xA;&#x9;&#x9;&quot;ScaleType&quot;: 0,&#xA;&#x9;&#x9;&quot;Size&quot;: {&#xA;&#x9;&#x9;&#x9;&quot;X&quot;: 1920,&#xA;&#x9;&#x9;&#x9;&quot;Y&quot;: 1080&#xA;&#x9;&#x9;},&#xA;&#x9;&#x9;&quot;Active&quot;: false&#xA;&#x9;},&#xA;&#x9;{&#xA;&#x9;&#x9;&quot;Label&quot;: &quot;2560x1440 Resolution&quot;,&#xA;&#x9;&#x9;&quot;ScaleType&quot;: 0,&#xA;&#x9;&#x9;&quot;Size&quot;: {&#xA;&#x9;&#x9;&#x9;&quot;X&quot;: 2560,&#xA;&#x9;&#x9;&#x9;&quot;Y&quot;: 1440&#xA;&#x9;&#x9;},&#xA;&#x9;&#x9;&quot;Active&quot;: false&#xA;&#x9;}&#xA;]" CustomViewportScaling="[]" />
		</Window>
		<Panel DockState="10" SplitterValue="0.24000001" SelectedTab="0">
			<Window Typename="::FlaxEditor.Windows.PropertiesWindow">
				<Data ScaleLinked="False" UIPivotRelative="True" />
			</Window>
			<Panel DockState="7" SplitterValue="0.25" SelectedTab="0">
				<Window Typename="::FlaxEditor.Windows.ToolboxWindow" />
			</Panel>
		</Panel>
		<Panel DockState="9" SplitterValue="0.3238513" SelectedTab="0">
			<Window Typename="::FlaxEditor.Windows.ContentWindow">
				<Data Split="0.2" Scale="1" ShowFileExtensions="False" ShowEngineFiles="True" ShowPluginsFiles="True" ShowAllFiles="True" ShowGeneratedFiles="False" ViewType="Tiles" />
			</Window>
			<Window Typename="::FlaxEditor.Windows.DebugLogWindow">
				<Data Split="0.8" />
			</Window>
			<Window Typename="::FlaxEditor.Windows.OutputLogWindow">
				<Data LogTypeShowMask="15" />
			</Window>
		</Panel>
		<Panel DockState="10" SplitterValue="0.25" SelectedTab="0">
			<Window Typename="::FlaxEditor.Windows.SceneTreeWindow" />
		</Panel>
	</MasterPanel>
</DockPanelLayout>