{
	"ID": "30be9e00164bcead6a1cf5b5627db7b9",
	"TypeName": "FlaxEditor.Content.Settings.InputSettings",
	"EngineBuild": 6404,
	"Data": {
	"ActionMappings": null,
	"AxisMappings": [
		{
			"Name": "Horizontal",
			"Axis": 0,
			"Gamepad": 0,
			"PositiveButton": 68,
			"NegativeButton": 65,
			"DeadZone": 0.0,
			"Sensitivity": 0.0,
			"Gravity": 0.0,
			"Scale": 0.0,
			"Snap": false
		},
		{
			"Name": "Vertical",
			"Axis": 1,
			"Gamepad": 0,
			"PositiveButton": 87,
			"NegativeButton": 83,
			"DeadZone": 0.0,
			"Sensitivity": 0.0,
			"Gravity": 0.0,
			"Scale": 0.0,
			"Snap": false
		}
	]
}
}