{
	"ID": "bc862d4ca641bf3033e499b940ff79d9",
	"TypeName": "FlaxEditor.Content.Settings.GameSettings",
	"EngineBuild": 6404,
	"Data": {
	"ProductName": "firstflax",
	"CompanyName": "My Company",
	"CopyrightNotice": null,
	"Icon": null,
	"FirstScene": "00000000000000000000000000000000",
	"NoSplashScreen": false,
	"SplashScreen": null,
	"Time": "ae2e6a8a5b48b3b40bcd4c948af1b6e1",
	"Audio": "c95faefab74128ecc1d30fbfa3b68e42",
	"LayersAndTags": "0c7527f9f74d63c019d68bafe91474f3",
	"Physics": "3676ff80d249a20881997bbbc88b0be0",
	"Input": "30be9e00164bcead6a1cf5b5627db7b9",
	"Graphics": "445f1aa76c46036daac1ef915009d941",
	"Network": "6b11ea3fbb46833bbde7e1b4695ef80c",
	"Navigation": "3fc6f0c8ed4f987cbf527780c028ec4a",
	"Localization": "d71107ca4440e4e0cb5393a15502b158",
	"GameCooking": "99062faf8143a6130d03d6a10e168aed",
	"Streaming": "74f92009a54cb3cc5e1f7fad08343e97",
	"CustomSettings": null,
	"WindowsPlatform": "e5631946a340483690e565bf82a11cdd",
	"UWPPlatform": "11f23a2e5949725ee223eb9ee64ed540",
	"LinuxPlatform": "b447ac9149470b931374198a287ee82f",
	"PS4Platform": null,
	"XboxOnePlatform": null,
	"XboxScarlettPlatform": null,
	"AndroidPlatform": "4d23b055c3451fed8418cb91b47df41a",
	"SwitchPlatform": null,
	"PS5Platform": null,
	"MacPlatform": null,
	"iOSPlatform": null
}
}